{
  "total_examples": 20940,
  "total_bytes": 3882874343,
  "shard_count": 655,
  "unique_robots": 313,
  "joint_count_dist": {
    "1": 780,
    "2": 1260,
    "8": 840,
    "4": 480,
    "7": 1620,
    "12": 960,
    "16": 1200,
    "20": 120,
    "6": 6480,
    "25": 60,
    "15": 180,
    "9": 300,
    "49": 120,
    "32": 600,
    "26": 720,
    "58": 720,
    "59": 540,
    "27": 180,
    "74": 480,
    "56": 480,
    "42": 360,
    "18": 420,
    "54": 120,
    "14": 360,
    "5": 540,
    "10": 600,
    "39": 120,
    "13": 120,
    "24": 120,
    "19": 60
  },
  "link_count_dist": {
    "1": 540,
    "4": 766,
    "3": 358,
    "8": 1890,
    "7": 6275,
    "13": 1106,
    "12": 214,
    "6": 515,
    "14": 276,
    "39": 37,
    "30": 4,
    "31": 483,
    "34": 4,
    "36": 10,
    "38": 342,
    "37": 15,
    "26": 306,
    "24": 24,
    "25": 741,
    "23": 7,
    "9": 644,
    "5": 201,
    "11": 1023,
    "10": 507,
    "17": 181,
    "16": 670,
    "2": 136,
    "18": 254,
    "50": 92,
    "49": 25,
    "41": 6,
    "43": 8,
    "40": 2,
    "15": 303,
    "21": 221,
    "20": 12,
    "19": 50,
    "45": 226,
    "44": 11,
    "57": 508,
    "56": 354,
    "55": 151,
    "48": 9,
    "52": 179,
    "53": 412,
    "54": 32,
    "58": 172,
    "69": 314,
    "67": 29,
    "68": 115,
    "66": 12,
    "35": 7,
    "62": 2,
    "65": 3,
    "51": 23,
    "47": 3,
    "46": 62,
    "63": 2,
    "64": 1,
    "33": 2,
    "22": 60,
    "59": 1,
    "32": 1,
    "60": 1
  },
  "joint_type_counts": {
    "2": 4020,
    "0": 298560,
    "1": 37440
  },
  "point_radius_p50_m": 0.638226181268692,
  "point_radius_max_m": 162.58489990234375,
  "origin_norm_p50_m": 0.7697041034698486,
  "origin_norm_max_m": 13.832085609436035,
  "examples_per_robot": {
    "urdf_files_dataset/panda": 180,
    "bullet3/pr2_gripper": 120,
    "bullet3/r2d2": 120,
    "bullet3/model": 120,
    "bullet3/model_for_sdf": 120,
    "bullet3/model_free_base": 120,
    "bullet3/model_vr_limits": 120,
    "bullet3/minitaur": 120,
    "bullet3/minitaur_derpy": 120,
    "bullet3/minitaur_fixed_knees": 120,
    "bullet3/minitaur_rainbow_dash": 120,
    "bullet3/minitaur_rainbow_dash_v1": 120,
    "bullet3/minitaur_single_motor": 120,
    "bullet3/racecar": 120,
    "bullet3/minitaur_v1": 120,
    "urdf_files_dataset/ur10": 120,
    "urdf_files_dataset/ur3": 120,
    "urdf_files_dataset/ur5": 120,
    "urdf_files_dataset/forearm_left": 120,
    "urdf_files_dataset/forearm_right": 120,
    "urdf_files_dataset/yumi": 120,
    "urdf_files_dataset/pr2": 120,
    "urdf_files_dataset/valkyrie_A_arm_mass_sims": 120,
    "urdf_files_dataset/valkyrie_A": 120,
    "urdf_files_dataset/valkyrie_B": 120,
    "urdf_files_dataset/valkyrie_B_arm_mass_sims": 120,
    "urdf_files_dataset/valkyrie_C": 120,
    "urdf_files_dataset/valkyrie_C_arm_mass_sims": 120,
    "urdf_files_dataset/valkyrie_D": 120,
    "urdf_files_dataset/valkyrie_sim_angled_legj1s": 120,
    "urdf_files_dataset/valkyrie_D_arm_mass_sims": 120,
    "urdf_files_dataset/valkyrie_sim": 120,
    "urdf_files_dataset/valkyrie_sim_arm_mass_sims": 120,
    "urdf_files_dataset/valkyrie_sim_gazebo_sync": 120,
    "urdf_files_dataset/model": 120,
    "bullet3/cube_gripper_left": 60,
    "bullet3/cube_gripper_right": 60,
    "bullet3/cube_no_rotation": 60,
    "bullet3/wheel": 60,
    "bullet3/cube_rotate": 60,
    "bullet3/a1": 60,
    "bullet3/aliengo": 60,
    "bullet3/laikago": 60,
    "bullet3/laikago_toes": 60,
    "bullet3/laikago_toes_limits": 60,
    "bullet3/mini_cheetah": 60,
    "bullet3/laikago_toes_zup": 60,
    "bullet3/laikago_toes_zup_lores": 60,
    "bullet3/xarm6_robot": 60,
    "bullet3/xarm6_robot_white": 60,
    "bullet3/xarm6_with_gripper": 60,
    "bullet3/nao": 60,
    "bullet3/kuka": 60,
    "bullet3/microtaur": 60,
    "bullet3/widowx": 60,
    "bullet3/vision60": 60,
    "bullet3/panda": 60,
    "robosuite/sawyer_arm": 60,
    "mujoco_menagerie/barkour_vb_rev_1_0_head_straight": 60,
    "robosuite/hand": 60,
    "robosuite/panda_arm": 60,
    "robosuite/panda_arm_hand": 60,
    "robosuite/baxter_arm": 60,
    "robot-assets/kinova": 60,
    "robot-assets/panda": 60,
    "robot-assets/model": 60,
    "robot-assets/ur5_gripper": 60,
    "robot-assets/ur10_robot": 60,
    "robot-assets/gingerurdf": 60,
    "robot-assets/forearm_left": 60,
    "robot-assets/forearm_right": 60,
    "robot-assets/yumi": 60,
    "robot-assets/pr2": 60,
    "robot-assets/valkyrie_A_arm_mass_sims": 60,
    "robot-assets/valkyrie_A": 60,
    "robot-assets/valkyrie_B_arm_mass_sims": 60,
    "robot-assets/valkyrie_B": 60,
    "robot-assets/valkyrie_C_arm_mass_sims": 60,
    "robot-assets/valkyrie_C": 60,
    "robot-assets/valkyrie_sim_angled_legj1s": 60,
    "robot-assets/valkyrie_D": 60,
    "robot-assets/valkyrie_D_arm_mass_sims": 60,
    "robot-assets/valkyrie_sim": 60,
    "robot-assets/valkyrie_sim_arm_mass_sims": 60,
    "robot-assets/r2b": 60,
    "robot-assets/valkyrie_sim_gazebo_sync": 60,
    "robot-assets/r2b_control": 60,
    "robot-assets/r2b_dynamics": 60,
    "robot-assets/r2b_sim_upperbody_control.urdf": 60,
    "robot-assets/r2b_sim_upperbody_dynamics.urdf": 60,
    "robot-assets/r2c1_control": 60,
    "robot-assets/r2c1_dynamics": 60,
    "robot-assets/r2c1": 60,
    "robot-assets/r2c5": 60,
    "robot-assets/r2c5_control": 60,
    "robot-assets/r2c5_dynamics": 60,
    "robot-assets/r2c6": 60,
    "robot-assets/r2c6_control": 60,
    "robot-assets/r2c6_dynamics": 60,
    "robot-assets/r2c_sim_legs_control.urdf": 60,
    "robot-assets/r2c6_valve": 60,
    "robot-assets/r2c_sim_legs_dynamics.urdf": 60,
    "robot-assets/r2c_sim_full_control.urdf": 60,
    "robot-assets/r2c_sim_full_dynamics.urdf": 60,
    "robot-assets/r2_left_forearm": 60,
    "robot-assets/r2c_sim_upperbody_dynamics.urdf": 60,
    "robot-assets/r2c_sim_upperbody_control.urdf": 60,
    "urdf_files_dataset/ur10e": 60,
    "urdf_files_dataset/ur16e": 60,
    "urdf_files_dataset/tx90": 60,
    "urdf_files_dataset/tx90l": 60,
    "urdf_files_dataset/tx90xl": 60,
    "urdf_files_dataset/ur3e": 60,
    "urdf_files_dataset/tx60l": 60,
    "urdf_files_dataset/tx60": 60,
    "urdf_files_dataset/ur5e": 60,
    "urdf_files_dataset/tx2_90": 60,
    "urdf_files_dataset/tx2_90l": 60,
    "urdf_files_dataset/tx2_90xl": 60,
    "urdf_files_dataset/tx2_60": 60,
    "urdf_files_dataset/tx2_60l": 60,
    "urdf_files_dataset/robotiq_arg2f_140_model": 60,
    "urdf_files_dataset/robotiq_arg2f_85_model": 60,
    "urdf_files_dataset/kr6r900_2": 60,
    "urdf_files_dataset/kr6r900sixx": 60,
    "urdf_files_dataset/kr6r700sixx": 60,
    "urdf_files_dataset/kr5_arc": 60,
    "urdf_files_dataset/kr3r540": 60,
    "urdf_files_dataset/kr150r3100_2": 60,
    "urdf_files_dataset/kr10r1100sixx": 60,
    "urdf_files_dataset/kr150_2": 60,
    "urdf_files_dataset/kr10r900_2": 60,
    "urdf_files_dataset/r2000ic125l": 60,
    "urdf_files_dataset/r2000ic165f": 60,
    "urdf_files_dataset/r2000ic210f": 60,
    "urdf_files_dataset/r2000ic210l": 60,
    "urdf_files_dataset/r2000ic270f": 60,
    "urdf_files_dataset/r2000ib210f": 60,
    "urdf_files_dataset/r1000ia80f": 60,
    "urdf_files_dataset/kr10r1420": 60,
    "urdf_files_dataset/m900ib700": 60,
    "urdf_files_dataset/m900ia260l": 60,
    "urdf_files_dataset/m710ic45m": 60,
    "urdf_files_dataset/m710ic50": 60,
    "urdf_files_dataset/m6ib": 60,
    "urdf_files_dataset/m6ib6s": 60,
    "urdf_files_dataset/m430ia2f": 60,
    "urdf_files_dataset/m430ia2p": 60,
    "urdf_files_dataset/m20ib25": 60,
    "urdf_files_dataset/m20ia10l": 60,
    "urdf_files_dataset/m20ia": 60,
    "urdf_files_dataset/m16ib20": 60,
    "urdf_files_dataset/m10ia": 60,